<?xml version="1.0" encoding="UTF-8"?>

<c3p0-config>
    <!-- c3p0默认配置，如果没有指定则使用该配置，下面还可以配置多个数据库 -->
    <default-config>
    	<!-- 数据库的url -->
        <property name="jdbcUrl">jdbc:mysql://localhost:3306/system</property>
        
        <!-- 数据库驱动名 -->
        <property name="driverClass">com.mysql.jdbc.Driver</property>
        
        <!--用户名。Default: root -->
        <property name="user">root</property>
        <!--密码。Default: 123456 -->
        <property name="password">123456</property>
        
        <!--初始化时获取六个连接，取值应在minPoolSize与maxPoolSize之间。Default: 6 -->
        <property name="initialPoolSize">6</property>
        
        <!--连接池中保留的最大连接数。Default: 50 -->
        <property name="maxPoolSize">50</property>
        
        <!--最大空闲时间,指定的时间内未使用则连接被丢弃。若为0则永不丢弃。Default: 1000 -->
        <property name="maxIdleTime">1000</property>
    </default-config>
    
    <!-- 命名的配置,指定时使用 -->
<named-config name="named_ds">
		<property name="driverClass">com.mysql.jdbc.Driver</property>
		<property name="jdbcUrl">jdbc:mysql://localhost:3306/system</property>
		<property name="user">root</property>
		<property name="password">123456</property>
    	<!-- 如果池中数据连接不够时一次增长多少个 -->
		<property name="acquireIncrement">5</property>
		<property name="initialPoolSize">20</property>
		<property name="minPoolSize">10</property>
		<property name="maxPoolSize">40</property>
		<property name="maxStatements">0</property>
		<property name="maxStatementsPerConnection">5</property>
</named-config>
    
</c3p0-config>
